<?xml version="1.0"?>
<!DOCTYPE hibernate-mapping PUBLIC "-//Hibernate/Hibernate Mapping DTD 3.0//EN"
"http://www.hibernate.org/dtd/hibernate-mapping-3.0.dtd">
<!-- Generated Oct 23, 2020 12:35:00 AM by Hibernate Tools 4.3.1 -->
<hibernate-mapping>
    <class name="com.model.pojo.Absencesdata" table="absencesdata" catalog="studentabsences" optimistic-lock="version">
        <id name="id" type="int">
            <column name="ID" />
            <generator class="assigned" />
        </id>
        <property name="name" type="string">
            <column name="Name" length="45" not-null="true" />
        </property>
        <property name="date" type="date">
            <column name="Date" length="10" not-null="true" />
        </property>
        <property name="theory" type="string">
            <column name="Theory" length="45" not-null="true" />
        </property>
    </class>
</hibernate-mapping>
