<?xml version="1.0" encoding="UTF-8"?>
<project-private xmlns="http://www.netbeans.org/ns/project-private/1">
    <editor-bookmarks xmlns="http://www.netbeans.org/ns/editor-bookmarks/2" lastBookmarkId="0"/>
    <open-files xmlns="http://www.netbeans.org/ns/projectui-open-files/2">
        <group>
            <file>file:/C:/Users/zidan/Documents/NetBeansProjects/studentabsences_1/src/java/hibernate.reveng.xml</file>
            <file>file:/C:/Users/zidan/Documents/NetBeansProjects/studentabsences_1/src/java/com/model/pojo/Absencesdata.java</file>
            <file>file:/C:/Users/zidan/Documents/NetBeansProjects/studentabsences_1/src/java/com/util/HibernateUtil.java</file>
            <file>file:/C:/Users/zidan/Documents/NetBeansProjects/studentabsences_1/web/WEB-INF/web.xml</file>
            <file>file:/C:/Users/zidan/Documents/NetBeansProjects/studentabsences_1/src/java/resource/newcss.css</file>
            <file>file:/C:/Users/zidan/Documents/NetBeansProjects/studentabsences_1/src/java/dao/Dao.java</file>
            <file>file:/C:/Users/zidan/Documents/NetBeansProjects/studentabsences_1/src/java/com/model/pojo/Absencesdata.hbm.xml</file>
            <file>file:/C:/Users/zidan/Documents/NetBeansProjects/studentabsences_1/web/Login.xhtml</file>
            <file>file:/C:/Users/zidan/Documents/NetBeansProjects/studentabsences_1/web/Faculty.xhtml</file>
            <file>file:/C:/Users/zidan/Documents/NetBeansProjects/studentabsences_1/web/index.xhtml</file>
        </group>
    </open-files>
</project-private>
